capability,entity,action,event,permission_doc,screen_docs,test_doc,audit_class,confidence
core_identity_session,session,authenticate_password,session.created;principal.authenticated,14-PERMISSIONS/core_identity_session/session.md,11-UX/screens/core_identity_session/session/,20-TESTING/core_identity_session/session/authenticate_password.md,security,KNOWN
core_identity_session,session,authenticate_phone_otp,session.created;principal.authenticated,14-PERMISSIONS/core_identity_session/session.md,11-UX/screens/core_identity_session/session/,20-TESTING/core_identity_session/session/authenticate_phone_otp.md,security,KNOWN
core_identity_session,session,verify_mfa,session.created;mfa.verified,14-PERMISSIONS/core_identity_session/session.md,11-UX/screens/core_identity_session/session/,20-TESTING/core_identity_session/session/verify_mfa.md,security,KNOWN
core_identity_session,session,refresh_session,,14-PERMISSIONS/core_identity_session/session.md,11-UX/screens/core_identity_session/session/,20-TESTING/core_identity_session/session/refresh_session.md,read_sensitive_only,KNOWN
core_identity_session,session,elevate_session,session.elevated,14-PERMISSIONS/core_identity_session/session.md,11-UX/screens/core_identity_session/session/,20-TESTING/core_identity_session/session/elevate_session.md,security,KNOWN
core_identity_session,session,logout,session.revoked,14-PERMISSIONS/core_identity_session/session.md,11-UX/screens/core_identity_session/session/,20-TESTING/core_identity_session/session/logout.md,security,KNOWN
core_identity_session,session,logout_all,session.revoked (one per session);principal.all_sessions_revoked,14-PERMISSIONS/core_identity_session/session.md,11-UX/screens/core_identity_session/session/,20-TESTING/core_identity_session/session/logout_all.md,security,KNOWN
core_identity_session,session,switch_tenant,session.revoked;session.created,14-PERMISSIONS/core_identity_session/session.md,11-UX/screens/core_identity_session/session/,20-TESTING/core_identity_session/session/switch_tenant.md,security,KNOWN
core_identity_session,tenant_membership,revoke_membership,membership.revoked;session.revoked,14-PERMISSIONS/core_identity_session/tenant_membership.md,11-UX/screens/core_identity_session/tenant_membership/,20-TESTING/core_identity_session/tenant_membership/revoke_membership.md,security,KNOWN
